{
	"exposure": 6.9019999504089355,
	"gamma": 0.8309999704360962,
	"mouse_look_sensitivity": 0.014999999664723873,
	"resolution": {
		"h": 720,
		"w": 1280
	},
	"saturation": 0.9049999713897705,
	"sharpening": 0.00800000037997961
}