{
	"exposure": 3.8310000896453857,
	"gamma": 1.2580000162124634,
	"mouse_look_sensitivity": 0.014999999664723873,
	"resolution": {
		"h": 720,
		"w": 1280
	},
	"saturation": 0.9570000171661377,
	"sharpening": 0.0
}